variant,seed,actual,predicted,count,acceptedCount
none,42,DRINK,DRINK,2,0
none,42,DRINK,WHO,1,0
none,42,DRINK,BROWN,2,0
none,42,FINISH,FINISH,2,0
none,42,FAMILY,FAMILY,1,0
none,42,WHO,DRINK,1,0
none,42,WHO,BIRD,1,0
none,42,WHO,EAT,1,0
none,42,BIRD,DRINK,1,0
none,42,BIRD,BIRD,2,0
none,42,BIRD,GO,1,0
none,42,BOOK,FAMILY,1,0
none,42,BOOK,BOOK,3,0
none,42,GO,GO,1,0
none,42,HOT,HOT,2,0
none,42,FINE,FINE,4,0
none,42,FINE,WHAT,1,0
none,42,BROWN,DRINK,1,0
none,42,BROWN,BIRD,1,0
none,42,BROWN,BROWN,1,0
none,42,EAT,FAMILY,1,0
none,42,EAT,EAT,4,0
none,42,WHAT,WHAT,4,0
none,43,DRINK,DRINK,1,0
none,43,DRINK,WHO,1,0
none,43,DRINK,BIRD,1,0
none,43,DRINK,BROWN,2,0
none,43,FINISH,FINISH,1,0
none,43,FINISH,GO,1,0
none,43,FAMILY,FAMILY,1,0
none,43,WHO,WHO,2,0
none,43,WHO,EAT,1,0
none,43,BIRD,DRINK,1,0
none,43,BIRD,BIRD,1,0
none,43,BIRD,HOT,1,0
none,43,BIRD,WHAT,1,0
none,43,BOOK,BOOK,4,0
none,43,GO,GO,1,0
none,43,HOT,WHO,1,0
none,43,HOT,HOT,1,0
none,43,FINE,FINISH,1,0
none,43,FINE,WHO,1,0
none,43,FINE,FINE,3,0
none,43,BROWN,DRINK,1,0
none,43,BROWN,BIRD,1,0
none,43,BROWN,BROWN,1,0
none,43,EAT,FAMILY,1,0
none,43,EAT,EAT,4,0
none,43,WHAT,GO,1,0
none,43,WHAT,HOT,1,0
none,43,WHAT,WHAT,2,0
none,44,DRINK,DRINK,3,0
none,44,DRINK,WHO,1,0
none,44,DRINK,BROWN,1,0
none,44,FINISH,FINISH,1,0
none,44,FINISH,WHAT,1,0
none,44,FAMILY,FAMILY,1,0
none,44,WHO,FAMILY,1,0
none,44,WHO,WHO,2,0
none,44,BIRD,DRINK,2,0
none,44,BIRD,BIRD,1,0
none,44,BIRD,GO,1,0
none,44,BOOK,FAMILY,1,0
none,44,BOOK,BOOK,3,2
none,44,GO,GO,1,0
none,44,HOT,WHO,2,0
none,44,FINE,FINE,4,0
none,44,FINE,WHAT,1,0
none,44,BROWN,DRINK,1,0
none,44,BROWN,BIRD,1,0
none,44,BROWN,BROWN,1,0
none,44,EAT,FAMILY,1,0
none,44,EAT,EAT,4,0
none,44,WHAT,FINISH,1,0
none,44,WHAT,WHAT,3,0
mild-spatial,42,DRINK,DRINK,2,0
mild-spatial,42,DRINK,WHO,1,0
mild-spatial,42,DRINK,BROWN,2,0
mild-spatial,42,FINISH,FINISH,2,0
mild-spatial,42,FAMILY,FAMILY,1,0
mild-spatial,42,WHO,BIRD,2,0
mild-spatial,42,WHO,EAT,1,0
mild-spatial,42,BIRD,DRINK,1,0
mild-spatial,42,BIRD,BIRD,1,0
mild-spatial,42,BIRD,GO,1,0
mild-spatial,42,BIRD,HOT,1,0
mild-spatial,42,BOOK,FAMILY,1,0
mild-spatial,42,BOOK,BOOK,3,0
mild-spatial,42,GO,GO,1,1
mild-spatial,42,HOT,HOT,2,0
mild-spatial,42,FINE,FINE,4,0
mild-spatial,42,FINE,WHAT,1,0
mild-spatial,42,BROWN,BROWN,3,0
mild-spatial,42,EAT,FAMILY,1,0
mild-spatial,42,EAT,EAT,4,0
mild-spatial,42,WHAT,WHAT,4,0
mild-spatial,43,DRINK,DRINK,1,0
mild-spatial,43,DRINK,WHO,1,0
mild-spatial,43,DRINK,BIRD,2,0
mild-spatial,43,DRINK,BROWN,1,0
mild-spatial,43,FINISH,FINISH,1,0
mild-spatial,43,FINISH,GO,1,0
mild-spatial,43,FAMILY,FAMILY,1,0
mild-spatial,43,WHO,WHO,2,0
mild-spatial,43,WHO,EAT,1,0
mild-spatial,43,BIRD,DRINK,1,0
mild-spatial,43,BIRD,BIRD,2,0
mild-spatial,43,BIRD,WHAT,1,0
mild-spatial,43,BOOK,BOOK,4,0
mild-spatial,43,GO,GO,1,0
mild-spatial,43,HOT,HOT,2,0
mild-spatial,43,FINE,FINISH,1,0
mild-spatial,43,FINE,FINE,3,0
mild-spatial,43,FINE,EAT,1,0
mild-spatial,43,BROWN,DRINK,1,0
mild-spatial,43,BROWN,BIRD,1,0
mild-spatial,43,BROWN,BROWN,1,0
mild-spatial,43,EAT,HOT,1,0
mild-spatial,43,EAT,EAT,4,0
mild-spatial,43,WHAT,GO,1,0
mild-spatial,43,WHAT,HOT,1,0
mild-spatial,43,WHAT,WHAT,2,0
mild-spatial,44,DRINK,DRINK,4,0
mild-spatial,44,DRINK,WHO,1,0
mild-spatial,44,FINISH,FINISH,1,0
mild-spatial,44,FINISH,WHAT,1,0
mild-spatial,44,FAMILY,FAMILY,1,0
mild-spatial,44,WHO,FAMILY,1,0
mild-spatial,44,WHO,WHO,1,0
mild-spatial,44,WHO,BIRD,1,0
mild-spatial,44,BIRD,DRINK,1,0
mild-spatial,44,BIRD,BIRD,2,0
mild-spatial,44,BIRD,GO,1,0
mild-spatial,44,BOOK,BOOK,4,1
mild-spatial,44,GO,GO,1,0
mild-spatial,44,HOT,WHO,1,0
mild-spatial,44,HOT,HOT,1,0
mild-spatial,44,FINE,FINE,4,0
mild-spatial,44,FINE,WHAT,1,0
mild-spatial,44,BROWN,DRINK,1,0
mild-spatial,44,BROWN,BROWN,2,0
mild-spatial,44,EAT,FAMILY,1,0
mild-spatial,44,EAT,EAT,4,0
mild-spatial,44,WHAT,FINISH,1,0
mild-spatial,44,WHAT,WHAT,3,0
