variant,seed,word,validationCount,top1Correct,acceptedCorrect,acceptedWrong,rejected,correctCoverage
none,42,DRINK,5,2,0,0,5,0.0
none,42,FINISH,2,2,0,0,2,0.0
none,42,FAMILY,1,1,0,0,1,0.0
none,42,WHO,3,0,0,0,3,0.0
none,42,BIRD,4,2,0,0,4,0.0
none,42,BOOK,4,3,0,0,4,0.0
none,42,GO,1,1,0,0,1,0.0
none,42,HOT,2,2,0,0,2,0.0
none,42,FINE,5,4,0,0,5,0.0
none,42,BROWN,3,1,0,0,3,0.0
none,42,EAT,5,4,0,0,5,0.0
none,42,WHAT,4,4,0,0,4,0.0
none,43,DRINK,5,1,0,0,5,0.0
none,43,FINISH,2,1,0,0,2,0.0
none,43,FAMILY,1,1,0,0,1,0.0
none,43,WHO,3,2,0,0,3,0.0
none,43,BIRD,4,1,0,0,4,0.0
none,43,BOOK,4,4,0,0,4,0.0
none,43,GO,1,1,0,0,1,0.0
none,43,HOT,2,1,0,0,2,0.0
none,43,FINE,5,3,0,0,5,0.0
none,43,BROWN,3,1,0,0,3,0.0
none,43,EAT,5,4,0,0,5,0.0
none,43,WHAT,4,2,0,0,4,0.0
none,44,DRINK,5,3,0,0,5,0.0
none,44,FINISH,2,1,0,0,2,0.0
none,44,FAMILY,1,1,0,0,1,0.0
none,44,WHO,3,2,0,0,3,0.0
none,44,BIRD,4,1,0,0,4,0.0
none,44,BOOK,4,3,2,0,2,0.5
none,44,GO,1,1,0,0,1,0.0
none,44,HOT,2,0,0,0,2,0.0
none,44,FINE,5,4,0,0,5,0.0
none,44,BROWN,3,1,0,0,3,0.0
none,44,EAT,5,4,0,0,5,0.0
none,44,WHAT,4,3,0,0,4,0.0
mild-spatial,42,DRINK,5,2,0,0,5,0.0
mild-spatial,42,FINISH,2,2,0,0,2,0.0
mild-spatial,42,FAMILY,1,1,0,0,1,0.0
mild-spatial,42,WHO,3,0,0,0,3,0.0
mild-spatial,42,BIRD,4,1,0,0,4,0.0
mild-spatial,42,BOOK,4,3,0,0,4,0.0
mild-spatial,42,GO,1,1,1,0,0,1.0
mild-spatial,42,HOT,2,2,0,0,2,0.0
mild-spatial,42,FINE,5,4,0,0,5,0.0
mild-spatial,42,BROWN,3,3,0,0,3,0.0
mild-spatial,42,EAT,5,4,0,0,5,0.0
mild-spatial,42,WHAT,4,4,0,0,4,0.0
mild-spatial,43,DRINK,5,1,0,0,5,0.0
mild-spatial,43,FINISH,2,1,0,0,2,0.0
mild-spatial,43,FAMILY,1,1,0,0,1,0.0
mild-spatial,43,WHO,3,2,0,0,3,0.0
mild-spatial,43,BIRD,4,2,0,0,4,0.0
mild-spatial,43,BOOK,4,4,0,0,4,0.0
mild-spatial,43,GO,1,1,0,0,1,0.0
mild-spatial,43,HOT,2,2,0,0,2,0.0
mild-spatial,43,FINE,5,3,0,0,5,0.0
mild-spatial,43,BROWN,3,1,0,0,3,0.0
mild-spatial,43,EAT,5,4,0,0,5,0.0
mild-spatial,43,WHAT,4,2,0,0,4,0.0
mild-spatial,44,DRINK,5,4,0,0,5,0.0
mild-spatial,44,FINISH,2,1,0,0,2,0.0
mild-spatial,44,FAMILY,1,1,0,0,1,0.0
mild-spatial,44,WHO,3,1,0,0,3,0.0
mild-spatial,44,BIRD,4,2,0,0,4,0.0
mild-spatial,44,BOOK,4,4,1,0,3,0.25
mild-spatial,44,GO,1,1,0,0,1,0.0
mild-spatial,44,HOT,2,1,0,0,2,0.0
mild-spatial,44,FINE,5,4,0,0,5,0.0
mild-spatial,44,BROWN,3,2,0,0,3,0.0
mild-spatial,44,EAT,5,4,0,0,5,0.0
mild-spatial,44,WHAT,4,3,0,0,4,0.0
