"pair_id","condition","task_id","order","sign_language","input_a","input_b","output_a","output_b","elapsed_seconds","clarification_attempts","final_details_correct","incorrect_details_approved","completed","participant_preference","notes"
"P1","baseline","baseline-1","","","","","","","","","","","","",""
"P1","baseline","baseline-2","","","","","","","","","","","","",""
"P1","baseline","baseline-3","","","","","","","","","","","","",""
"P1","baseline","baseline-4","","","","","","","","","","","","",""
"P1","baseline","baseline-5","","","","","","","","","","","","",""
"P1","feature","feature-1","","","","","","","","","","","","",""
"P1","feature","feature-2","","","","","","","","","","","","",""
"P1","feature","feature-3","","","","","","","","","","","","",""
"P1","feature","feature-4","","","","","","","","","","","","",""
"P1","feature","feature-5","","","","","","","","","","","","",""
"P2","baseline","baseline-1","","","","","","","","","","","","",""
"P2","baseline","baseline-2","","","","","","","","","","","","",""
"P2","baseline","baseline-3","","","","","","","","","","","","",""
"P2","baseline","baseline-4","","","","","","","","","","","","",""
"P2","baseline","baseline-5","","","","","","","","","","","","",""
"P2","feature","feature-1","","","","","","","","","","","","",""
"P2","feature","feature-2","","","","","","","","","","","","",""
"P2","feature","feature-3","","","","","","","","","","","","",""
"P2","feature","feature-4","","","","","","","","","","","","",""
"P2","feature","feature-5","","","","","","","","","","","","",""
"P3","baseline","baseline-1","","","","","","","","","","","","",""
"P3","baseline","baseline-2","","","","","","","","","","","","",""
"P3","baseline","baseline-3","","","","","","","","","","","","",""
"P3","baseline","baseline-4","","","","","","","","","","","","",""
"P3","baseline","baseline-5","","","","","","","","","","","","",""
"P3","feature","feature-1","","","","","","","","","","","","",""
"P3","feature","feature-2","","","","","","","","","","","","",""
"P3","feature","feature-3","","","","","","","","","","","","",""
"P3","feature","feature-4","","","","","","","","","","","","",""
"P3","feature","feature-5","","","","","","","","","","","","",""
"P4","baseline","baseline-1","","","","","","","","","","","","",""
"P4","baseline","baseline-2","","","","","","","","","","","","",""
"P4","baseline","baseline-3","","","","","","","","","","","","",""
"P4","baseline","baseline-4","","","","","","","","","","","","",""
"P4","baseline","baseline-5","","","","","","","","","","","","",""
"P4","feature","feature-1","","","","","","","","","","","","",""
"P4","feature","feature-2","","","","","","","","","","","","",""
"P4","feature","feature-3","","","","","","","","","","","","",""
"P4","feature","feature-4","","","","","","","","","","","","",""
"P4","feature","feature-5","","","","","","","","","","","","",""
"P5","baseline","baseline-1","","","","","","","","","","","","",""
"P5","baseline","baseline-2","","","","","","","","","","","","",""
"P5","baseline","baseline-3","","","","","","","","","","","","",""
"P5","baseline","baseline-4","","","","","","","","","","","","",""
"P5","baseline","baseline-5","","","","","","","","","","","","",""
"P5","feature","feature-1","","","","","","","","","","","","",""
"P5","feature","feature-2","","","","","","","","","","","","",""
"P5","feature","feature-3","","","","","","","","","","","","",""
"P5","feature","feature-4","","","","","","","","","","","","",""
"P5","feature","feature-5","","","","","","","","","","","","",""
